명칭,구간,연장(Km),조성완료년도,데이터기준일자
서홍추억의숲길,제2산록도로-둘레길,11,2012,2025-02-19
호근산책로,제2산록도로-시오름,4.5,2012,2025-02-19
머체왓숲길,머체왓일대(순환),6.7,2012,2025-02-19
송악산숲길,송악산,1.2,2012,2025-02-19
섯알오름숲길,섯알오름,1.9,2012,2025-02-19
가시악숲길,가시오름,1.7,2011,2025-02-19
녹남봉숲길,녹남봉,1.1,2013,2025-02-19
물영아리오름 숲길,물영아리오름,2,2012,2025-02-19
이승악 숲길,이승악(순환),8.8,2011,2025-02-19
자배봉숲길,자배봉,1.8,2013,2025-02-19
생기악숲길,생길이오름,2.2,,2025-02-19
수악 숲길,수악,2,2011,2025-02-19
두산봉숲길,두산봉,2,2010,2025-02-19
식산봉숲길,식산봉,0.4,2007,2025-02-19
대수산봉숲길,대수산봉,1,2012,2025-02-19
궁대악 숲길,궁대악,0.4,2013,2025-02-19
후곡악 숲길,후곡악,0.3,2013,2025-02-19
모구악 숲길,모구악,1.5,2009,2025-02-19
유건에오름 숲길,유건에,0.9,2010,2025-02-19
통오름 숲길,통오름,0.9,2010,2025-02-19
독자봉 숲길,독자봉,0.8,2008,2025-02-19
남산봉 숲길,독자봉,2.5,2010,2025-02-19
낭끼오름 숲길,낭끼오름,0.4,2011,2025-02-19
대왕산 숲길,유건에,1,2012,2025-02-19
군산 숲길,군산,2.1,2013,2025-02-19
단산 숲길,단산,1.5,2012,2025-02-19
월라봉 숲길,월라봉,2,2013,2025-02-19
대병악 숲길,대병악,1.2,2013,2025-02-19
남송악 숲길,남송악,2.1,2012,2025-02-19
광해악 숲길,광해악,1.4,2013,2025-02-19
왕이메 숲길,왕이메,1.2,2012,2025-02-19
따라비오름 숲길,따라비,2.1,2009,2025-02-19
대록산 숲길,대록산,3,2010,2025-02-19
달산봉 숲길,달산봉,3,2012,2025-02-19
매봉 숲길,매봉,1.4,2012,2025-02-19
영주산 숲길,영주산,3.1,2012,2025-02-19
좌보미 오름 숲길,좌보미오름,0.8,2013,2025-02-19
백약이 오름 숲길,백약이오름,2,2010,2025-02-19
가세오름 숲길,가세오름,1,2011,2025-02-19
토산봉 숲길,토산봉,1.5,2011,2025-02-19
붉은오름 숲길,붉은오름,3,2013,2025-02-19
제지오름 숲길,제지오름,0.5,2011,2025-02-19
월라산 숲길,월라산,0.7,,2025-02-19
칡오름 숲길,월라산,2.2,2012,2025-02-19
영천악 숲길,영천악,6.3,2013,2025-02-19
미악산 숲길,미악산,4.2,2011,2025-02-19
고근산 숲길,고근산,2.8,2012,2025-02-19
법정악 숲길,법정악,1.5,,2025-02-19
해맞이길,붉은오름휴양림-말찻오름,5.7,2013,2025-02-19
사려니 숲길,사려니오름-붉은오름,15,1997,2025-02-19
